Link,Titulo,Anfitriao,Tempo_Hospedando,Preco_Noite,Noites,Taxa_Limpeza,Preco_Total,Hospedes,Quartos,Camas,Banheiros,Latitude,Longitude,Endereco
https://www.airbnb.com.br/rooms/1328425414867103525?check_in=2026-03-10&check_out=2026-03-15,"Casa Espaçosa em Praia Azul, Pitimbu-PB",Ana Beatriz,1 anos,N/A,N/A,N/A,N/A,16,6,10,5,-7.39794,-34.84077,"Pitimbu, Região Geográfica Imediata de João Pessoa, Região Metropolitana de João Pessoa, Região Geográfica Intermediária de João Pessoa, Paraíba, Região Nordeste, Brasil"
https://www.airbnb.com.br/rooms/1413898424237252215?check_in=2026-03-10&check_out=2026-03-15,Casa em Pitimbu PB,Luzimara Oliveira De Lucena,N/A,N/A,N/A,N/A,N/A,10,3,4,2,-7.4979,-34.81573,"Rua da Amizade, Pitimbu, Região Geográfica Imediata de João Pessoa, Região Metropolitana de João Pessoa, Região Geográfica Intermediária de João Pessoa, Paraíba, Região Nordeste, Brasil"
https://www.airbnb.com.br/rooms/1245033477659347356?check_in=2026-03-10&check_out=2026-03-15,Ótimo apto em pitimbu.,Antonio,2 anos,N/A,N/A,N/A,N/A,7,1,5,1,-7.4742,-34.811,"Rua Belo Horizonte, Pitimbu, Região Geográfica Imediata de João Pessoa, Região Metropolitana de João Pessoa, Região Geográfica Intermediária de João Pessoa, Paraíba, Região Nordeste, Brasil"
https://www.airbnb.com.br/rooms/1295497421656009479?check_in=2026-03-10&check_out=2026-03-15,Casa com Piscina perto do Mar,Andréa Batista Do Rego Barros,1 anos,N/A,N/A,N/A,N/A,12,4,6,6,-7.5066,-34.8111,"Rua Antônio Tavares, Pitimbu, Região Geográfica Imediata de João Pessoa, Região Metropolitana de João Pessoa, Região Geográfica Intermediária de João Pessoa, Paraíba, Região Nordeste, Brasil"
https://www.airbnb.com.br/rooms/1582501793715991322?check_in=2026-03-10&check_out=2026-03-15,À beira-mar pé na areia Casa Pitanga Praia Azul,Francisco Penante,N/A,N/A,N/A,N/A,N/A,10,4,7,5,-7.51228,-34.80922,"Rua Antônio Tavares, Pitimbu, Região Geográfica Imediata de João Pessoa, Região Metropolitana de João Pessoa, Região Geográfica Intermediária de João Pessoa, Paraíba, Região Nordeste, Brasil"
https://www.airbnb.com.br/rooms/936178989029521352?check_in=2026-03-10&check_out=2026-03-15,Beira-mar Pitimbu,Kelly,3 anos,N/A,N/A,N/A,N/A,16,6,14,5,-7.49843,-34.81449,"Rua Recife, Pitimbu, Região Geográfica Imediata de João Pessoa, Região Metropolitana de João Pessoa, Região Geográfica Intermediária de João Pessoa, Paraíba, Região Nordeste, Brasil"
https://www.airbnb.com.br/rooms/1601366689830033823?check_in=2026-03-10&check_out=2026-03-15,studio beira-mar (térreo) no Tekoha Vilas,Jeferson,1 anos,N/A,N/A,N/A,N/A,3,1,2,1,-7.49391,-34.81548,"Rua Alexandrino José Pereira, Pitimbu, Região Geográfica Imediata de João Pessoa, Região Metropolitana de João Pessoa, Região Geográfica Intermediária de João Pessoa, Paraíba, Região Nordeste, Brasil"
https://www.airbnb.com.br/rooms/622256605313091061?check_in=2026-03-10&check_out=2026-03-15,Casa Aconchegante com Varanda e Vista para o Mar,Fabio,2 anos,N/A,N/A,N/A,N/A,6,2,3,2,-7.50584,-34.81266,"Pitimbu, Região Geográfica Imediata de João Pessoa, Região Metropolitana de João Pessoa, Região Geográfica Intermediária de João Pessoa, Paraíba, Região Nordeste, Brasil"
https://www.airbnb.com.br/rooms/953694912398375110?check_in=2026-03-10&check_out=2026-03-15,Bangalô em Pitimbú,Monalysa,2 anos,N/A,N/A,N/A,N/A,4,1,1,0,-7.4435,-34.8118,"4x4 Barra do Abiaí, Pitimbu, Região Geográfica Imediata de João Pessoa, Região Metropolitana de João Pessoa, Região Geográfica Intermediária de João Pessoa, Paraíba, Região Nordeste, Brasil"
https://www.airbnb.com.br/rooms/1121029804870804136?check_in=2026-03-10&check_out=2026-03-15,Casa Vista Mar,Luiz Augusto,2 anos,N/A,N/A,N/A,N/A,8,2,6,2,-7.4724,-34.81125,"Avenida Senador Humberto Lucena, Conjunto Habitacional, Pitimbu, Região Geográfica Imediata de João Pessoa, Região Metropolitana de João Pessoa, Região Geográfica Intermediária de João Pessoa, Paraíba, Região Nordeste, Brasil"
https://www.airbnb.com.br/rooms/1593581329096189728?check_in=2026-03-10&check_out=2026-03-15,Casa em Praia Azul-PB,Éden,N/A,N/A,N/A,N/A,N/A,8,3,7,2,-7.51467,-34.81248,"Pitimbu, Região Geográfica Imediata de João Pessoa, Região Metropolitana de João Pessoa, Região Geográfica Intermediária de João Pessoa, Paraíba, Região Nordeste, Brasil"
https://www.airbnb.com.br/rooms/1260692635316694370?check_in=2026-03-10&check_out=2026-03-15,À Beira- mar em cond. fechado,Gilvia,1 anos,N/A,N/A,N/A,N/A,10,3,5,5,-7.513,-34.8107,"Rua Antônio Tavares, Pitimbu, Região Geográfica Imediata de João Pessoa, Região Metropolitana de João Pessoa, Região Geográfica Intermediária de João Pessoa, Paraíba, Região Nordeste, Brasil"
https://www.airbnb.com.br/rooms/1328908101730788116?check_in=2026-03-10&check_out=2026-03-15,Excelente casa na praia de pontas de coqueiro PB,Rui,1 anos,N/A,N/A,N/A,N/A,8,4,4,4,-7.5213,-34.8185,"Pitimbu, Região Geográfica Imediata de João Pessoa, Região Metropolitana de João Pessoa, Região Geográfica Intermediária de João Pessoa, Paraíba, Região Nordeste, Brasil"
https://www.airbnb.com.br/rooms/25110222?check_in=2026-03-10&check_out=2026-03-15,Casa Grande para Lazer e Descanso,Elizete,8 anos,N/A,N/A,N/A,N/A,15,5,11,5,-7.40498,-34.80686,"Pitimbu, Região Geográfica Imediata de João Pessoa, Região Metropolitana de João Pessoa, Região Geográfica Intermediária de João Pessoa, Paraíba, Região Nordeste, Brasil"
https://www.airbnb.com.br/rooms/1309465216037110107?check_in=2026-03-10&check_out=2026-03-15,Sua casa de férias em Pitimbu!,Neuma Karina,1 anos,N/A,N/A,N/A,N/A,12,3,7,2,-7.49775,-34.81744,"Rua da Amizade, Pitimbu, Região Geográfica Imediata de João Pessoa, Região Metropolitana de João Pessoa, Região Geográfica Intermediária de João Pessoa, Paraíba, Região Nordeste, Brasil"
https://www.airbnb.com.br/rooms/1075461800637272443?check_in=2026-03-10&check_out=2026-03-15,"Dúplex charmoso, beira-mar, piscina e 2 quartos.",Cláudia,5 anos,N/A,N/A,N/A,N/A,6,2,3,1,-7.4808,-34.8121,"Avenida Beira Mar, Pitimbu, Região Geográfica Imediata de João Pessoa, Região Metropolitana de João Pessoa, Região Geográfica Intermediária de João Pessoa, Paraíba, Região Nordeste, Brasil"
https://www.airbnb.com.br/rooms/1049168386873995827?check_in=2026-03-10&check_out=2026-03-15,Casa em Praia Bela na Paraíba,Nataly,2 anos,N/A,N/A,N/A,N/A,8,2,4,3,-7.3928,-34.8058,"203, Rua Estrela do Mar, Pitimbu, Região Geográfica Imediata de João Pessoa, Região Metropolitana de João Pessoa, Região Geográfica Intermediária de João Pessoa, Paraíba, Região Nordeste, Brasil"
https://www.airbnb.com.br/rooms/1597078510409585740?check_in=2026-03-10&check_out=2026-03-15,Paraíso do Mar,Paula,N/A,N/A,N/A,N/A,N/A,15,3,7,2,-7.48248,-34.81394,"Rua Projetada Vinte e Cinco, Pitimbu, Região Geográfica Imediata de João Pessoa, Região Metropolitana de João Pessoa, Região Geográfica Intermediária de João Pessoa, Paraíba, Região Nordeste, Brasil"
https://www.airbnb.com.br/rooms/1576082261654330926?check_in=2026-03-10&check_out=2026-03-15,Casa da Alegria,Marinalva,N/A,N/A,N/A,N/A,N/A,12,4,9,1,-7.4985,-34.8164,"Rua Recife, Pitimbu, Região Geográfica Imediata de João Pessoa, Região Metropolitana de João Pessoa, Região Geográfica Intermediária de João Pessoa, Paraíba, Região Nordeste, Brasil"
https://www.airbnb.com.br/rooms/54004814?check_in=2026-03-10&check_out=2026-03-15,Casa em Praia Azul Pé na Areia- Condomínio fechado,José,10 anos,N/A,N/A,N/A,N/A,16,6,12,6,-7.51319,-34.81085,"Rua Antônio Tavares, Pitimbu, Região Geográfica Imediata de João Pessoa, Região Metropolitana de João Pessoa, Região Geográfica Intermediária de João Pessoa, Paraíba, Região Nordeste, Brasil"
https://www.airbnb.com.br/rooms/1156699808993983688?check_in=2026-03-10&check_out=2026-03-15,Casa com Piscina em Pitimbu-PB,Diego,2 anos,N/A,N/A,N/A,N/A,9,3,3,2,-7.5001,-34.8139,"Rua Antônio Tavares, Pitimbu, Região Geográfica Imediata de João Pessoa, Região Metropolitana de João Pessoa, Região Geográfica Intermediária de João Pessoa, Paraíba, Região Nordeste, Brasil"
https://www.airbnb.com.br/rooms/46510311?check_in=2026-03-10&check_out=2026-03-15,Casa beira mar de Pitimbu,Jessen,10 anos,N/A,N/A,N/A,N/A,16,7,15,7,-7.47946,-34.81172,"Rua Simões Barbosa, Pitimbu, Região Geográfica Imediata de João Pessoa, Região Metropolitana de João Pessoa, Região Geográfica Intermediária de João Pessoa, Paraíba, Região Nordeste, Brasil"
https://www.airbnb.com.br/rooms/556673563014806366?check_in=2026-03-10&check_out=2026-03-15,Casa aconchegante a 50 metros da praia de Pitimbu,Clayson,4 anos,N/A,N/A,N/A,N/A,8,3,11,2,-7.47664,-34.81195,"Rua Boa Vista, Pitimbu, Região Geográfica Imediata de João Pessoa, Região Metropolitana de João Pessoa, Região Geográfica Intermediária de João Pessoa, Paraíba, Região Nordeste, Brasil"
https://www.airbnb.com.br/rooms/1390154960462571369?check_in=2026-03-10&check_out=2026-03-15,Casa completa em Praia Azul,Luanna,N/A,N/A,N/A,N/A,N/A,6,3,4,3,-7.5165,-34.8159,"Pitimbu, Região Geográfica Imediata de João Pessoa, Região Metropolitana de João Pessoa, Região Geográfica Intermediária de João Pessoa, Paraíba, Região Nordeste, Brasil"
https://www.airbnb.com.br/rooms/1575591566430971214?check_in=2026-03-10&check_out=2026-03-15,Chalé Charmoso em Praia Bela,Carlos Aires,N/A,N/A,N/A,N/A,N/A,4,1,2,1,-7.3979,-34.8041,"Bar na Areia, Acesso Praia Bela, Pitimbu, Região Geográfica Imediata de João Pessoa, Região Metropolitana de João Pessoa, Região Geográfica Intermediária de João Pessoa, Paraíba, Região Nordeste, Brasil"
https://www.airbnb.com.br/rooms/561507037415095919?check_in=2026-03-10&check_out=2026-03-15,"Casa Pitimbú 30m/mar, em frente piscinas do farol",Carolina,4 anos,N/A,N/A,N/A,N/A,15,5,15,3,-7.47324,-34.80614,"Avenida Beira Mar, Pitimbu, Região Geográfica Imediata de João Pessoa, Região Metropolitana de João Pessoa, Região Geográfica Intermediária de João Pessoa, Paraíba, Região Nordeste, Brasil"
https://www.airbnb.com.br/rooms/993485167562931737?check_in=2026-03-10&check_out=2026-03-15,Aluguel para carnaval disponível,Rayssa,3 anos,N/A,N/A,N/A,N/A,14,5,10,4,-7.4937,-34.81546,"Rua Alexandrino José Pereira, Pitimbu, Região Geográfica Imediata de João Pessoa, Região Metropolitana de João Pessoa, Região Geográfica Intermediária de João Pessoa, Paraíba, Região Nordeste, Brasil"
https://www.airbnb.com.br/rooms/1393497716423801747?check_in=2026-03-10&check_out=2026-03-15,Casa de Praia em Pitimbu/PB,Alana Cassimiro,N/A,N/A,N/A,N/A,N/A,8,3,3,2,-7.50068,-34.8164,"Rua Tenente Luiz Siqueira Ramos, Pitimbu, Região Geográfica Imediata de João Pessoa, Região Metropolitana de João Pessoa, Região Geográfica Intermediária de João Pessoa, Paraíba, Região Nordeste, Brasil"
https://www.airbnb.com.br/rooms/1601362500490739377?check_in=2026-03-10&check_out=2026-03-15,Studio beira-mar (térreo),Jeferson,1 anos,N/A,N/A,N/A,N/A,3,1,2,1,-7.49379,-34.814,"Rua Alexandrino José Pereira, Pitimbu, Região Geográfica Imediata de João Pessoa, Região Metropolitana de João Pessoa, Região Geográfica Intermediária de João Pessoa, Paraíba, Região Nordeste, Brasil"
https://www.airbnb.com.br/rooms/770123249125344340?check_in=2026-03-10&check_out=2026-03-15,Casa em Praia Azul Paraiba,Jose Diogenes,3 anos,N/A,N/A,N/A,N/A,10,3,6,2,-7.39995,-34.84153,"Pitimbu, Região Geográfica Imediata de João Pessoa, Região Metropolitana de João Pessoa, Região Geográfica Intermediária de João Pessoa, Paraíba, Região Nordeste, Brasil"
https://www.airbnb.com.br/rooms/922612547150123540?check_in=2026-03-10&check_out=2026-03-15,Casa grande 700m da Praia Azul,Paulo,3 anos,N/A,N/A,N/A,N/A,16,3,3,3,-7.51351,-34.81027,"Rua Antônio Tavares, Pitimbu, Região Geográfica Imediata de João Pessoa, Região Metropolitana de João Pessoa, Região Geográfica Intermediária de João Pessoa, Paraíba, Região Nordeste, Brasil"
https://www.airbnb.com.br/rooms/1600392211149095177?check_in=2026-03-10&check_out=2026-03-15,casa de veraneio - praia de Acau - Pitimbu - Pb,Rosângela,N/A,N/A,N/A,N/A,N/A,6,2,2,1,-7.4856,-34.81463,"Avenida Beira Mar, Pitimbu, Região Geográfica Imediata de João Pessoa, Região Metropolitana de João Pessoa, Região Geográfica Intermediária de João Pessoa, Paraíba, Região Nordeste, Brasil"
https://www.airbnb.com.br/rooms/44084250?check_in=2026-03-10&check_out=2026-03-15,Casa linda e confortável na praia de Pitimbú,Cláudia,4 anos,N/A,N/A,N/A,N/A,12,4,5,5,-7.49886,-34.8151,"Rua Pernambuco, Pitimbu, Região Geográfica Imediata de João Pessoa, Região Metropolitana de João Pessoa, Região Geográfica Intermediária de João Pessoa, Paraíba, Região Nordeste, Brasil"
https://www.airbnb.com.br/rooms/1601324497733129327?check_in=2026-03-10&check_out=2026-03-15,Estúdio beira-mar (superior) Tekoha Vilas,Jeferson,1 anos,N/A,N/A,N/A,N/A,3,1,2,1,-7.49363,-34.81443,"Rua Alexandrino José Pereira, Pitimbu, Região Geográfica Imediata de João Pessoa, Região Metropolitana de João Pessoa, Região Geográfica Intermediária de João Pessoa, Paraíba, Região Nordeste, Brasil"
https://www.airbnb.com.br/rooms/49938029?check_in=2026-03-10&check_out=2026-03-15,Casa de Praia ampla com ótima área de lazer,Leonilson,5 anos,N/A,N/A,N/A,N/A,16,6,14,6,-7.49986,-34.81522,"Rua Burganville, Pitimbu, Região Geográfica Imediata de João Pessoa, Região Metropolitana de João Pessoa, Região Geográfica Intermediária de João Pessoa, Paraíba, Região Nordeste, Brasil"
https://www.airbnb.com.br/rooms/1411118747273288397?check_in=2026-03-10&check_out=2026-03-15,Casa em Pitimbu,Alberto,N/A,N/A,N/A,N/A,N/A,15,3,1,3,-7.5046,-34.8168,"Pitimbu, Região Geográfica Imediata de João Pessoa, Região Metropolitana de João Pessoa, Região Geográfica Intermediária de João Pessoa, Paraíba, Região Nordeste, Brasil"
https://www.airbnb.com.br/rooms/1434721234805510238?check_in=2026-03-10&check_out=2026-03-15,Casa de Praia,Rafael,3 anos,N/A,N/A,N/A,N/A,8,3,5,2,-7.3986,-34.83926,"Pitimbu, Região Geográfica Imediata de João Pessoa, Região Metropolitana de João Pessoa, Região Geográfica Intermediária de João Pessoa, Paraíba, Região Nordeste, Brasil"
https://www.airbnb.com.br/rooms/1407757450319553428?check_in=2026-03-10&check_out=2026-03-15,Chale em praia bela A PRAIA,Bernardino,N/A,N/A,N/A,N/A,N/A,4,2,4,3,-7.39287,-34.80532,"203, Rua Estrela do Mar, Pitimbu, Região Geográfica Imediata de João Pessoa, Região Metropolitana de João Pessoa, Região Geográfica Intermediária de João Pessoa, Paraíba, Região Nordeste, Brasil"
https://www.airbnb.com.br/rooms/949096507158423993?check_in=2026-03-10&check_out=2026-03-15,"Casa à Beira-mar, com piscina",Euclides,8 anos,N/A,N/A,N/A,N/A,12,4,9,5,-7.4934,-34.8151,"Rua Antônio Tavares, Pitimbu, Região Geográfica Imediata de João Pessoa, Região Metropolitana de João Pessoa, Região Geográfica Intermediária de João Pessoa, Paraíba, Região Nordeste, Brasil"
https://www.airbnb.com.br/rooms/1120498800661007344?check_in=2026-03-10&check_out=2026-03-15,Casa de praia para até 20 pessoas e eventos,Paulo,2 anos,N/A,N/A,N/A,N/A,16,6,10,7,-7.48895,-34.81624,"Acesso Pitimbu Mar Hotel, Pitimbu, Região Geográfica Imediata de João Pessoa, Região Metropolitana de João Pessoa, Região Geográfica Intermediária de João Pessoa, Paraíba, Região Nordeste, Brasil"
https://www.airbnb.com.br/rooms/1610334074318316498?check_in=2026-03-10&check_out=2026-03-15,Quarto privativo à beira-mar com acesso exclusivo,Serat,N/A,N/A,N/A,N/A,N/A,2,1,1,0,-7.54003,-34.82266,"Rua Cabo Branco, Pitimbu, Região Geográfica Imediata de João Pessoa, Região Metropolitana de João Pessoa, Região Geográfica Intermediária de João Pessoa, Paraíba, Região Nordeste, Brasil"
https://www.airbnb.com.br/rooms/1371032909382004605?check_in=2026-03-10&check_out=2026-03-15,Casa Praia Azul,Rodrigo Souto,N/A,N/A,N/A,N/A,N/A,12,3,5,2,-7.4749,-34.8103,"Rua Doutor João Gonçalves, Pitimbu, Região Geográfica Imediata de João Pessoa, Região Metropolitana de João Pessoa, Região Geográfica Intermediária de João Pessoa, Paraíba, Região Nordeste, Brasil"
https://www.airbnb.com.br/rooms/1538560033801514479?check_in=2026-03-10&check_out=2026-03-15,Refúgio à beira-mar com conforto e natureza.,Bruno Barbosa,N/A,N/A,N/A,N/A,N/A,15,5,1,5,-7.51355,-34.81255,"Pitimbu, Região Geográfica Imediata de João Pessoa, Região Metropolitana de João Pessoa, Região Geográfica Intermediária de João Pessoa, Paraíba, Região Nordeste, Brasil"
https://www.airbnb.com.br/rooms/1056498310358057502?check_in=2026-03-10&check_out=2026-03-15,Casa Mar Azul,Juliana,2 anos,N/A,N/A,N/A,N/A,10,3,3,3,-7.4775,-34.8109,"Rua Simões Barbosa, Pitimbu, Região Geográfica Imediata de João Pessoa, Região Metropolitana de João Pessoa, Região Geográfica Intermediária de João Pessoa, Paraíba, Região Nordeste, Brasil"
https://www.airbnb.com.br/rooms/1318342711137214928?check_in=2026-03-10&check_out=2026-03-15,"casa 2 qtos ,centro com piscina.",Andre,1 anos,N/A,N/A,N/A,N/A,6,2,5,3,-7.4767,-34.8131,"Rua João Paulo Segundo, Pitimbu, Região Geográfica Imediata de João Pessoa, Região Metropolitana de João Pessoa, Região Geográfica Intermediária de João Pessoa, Paraíba, Região Nordeste, Brasil"
https://www.airbnb.com.br/rooms/1601328410867803842?check_in=2026-03-10&check_out=2026-03-15,Studio beira-mar (superior com varanda),Jeferson,1 anos,N/A,N/A,N/A,N/A,3,1,2,1,-7.49276,-34.81386,"Pitimbu, Região Geográfica Imediata de João Pessoa, Região Metropolitana de João Pessoa, Região Geográfica Intermediária de João Pessoa, Paraíba, Região Nordeste, Brasil"
https://www.airbnb.com.br/rooms/1110108820411060500?check_in=2026-03-10&check_out=2026-03-15,Pé na Areia em Acaú - Chalé 1,Salett,2 anos,N/A,N/A,N/A,N/A,4,2,3,2,-7.54685,-34.82516,"Rua Projetada Oitenta e Cinco, Pitimbu, Região Geográfica Imediata de João Pessoa, Região Metropolitana de João Pessoa, Região Geográfica Intermediária de João Pessoa, Paraíba, Região Nordeste, Brasil"
https://www.airbnb.com.br/rooms/834972356397374213?check_in=2026-03-10&check_out=2026-03-15,Casa com linda vista para o mar,Ayla,3 anos,N/A,N/A,N/A,N/A,16,6,13,5,-7.52196,-34.81621,"Rua Terra, Pitimbu, Região Geográfica Imediata de João Pessoa, Região Metropolitana de João Pessoa, Região Geográfica Intermediária de João Pessoa, Paraíba, Região Nordeste, Brasil"
https://www.airbnb.com.br/rooms/1561067681456727873?check_in=2026-03-10&check_out=2026-03-15,Casa com churrasqueira e sinuca,Renê,N/A,N/A,N/A,N/A,N/A,10,4,7,2,-7.5345,-34.8248,"Pitimbu, Região Geográfica Imediata de João Pessoa, Região Metropolitana de João Pessoa, Região Geográfica Intermediária de João Pessoa, Paraíba, Região Nordeste, Brasil"
https://www.airbnb.com.br/rooms/908185418115459485?check_in=2026-03-10&check_out=2026-03-15,Casa de praia,Claudenilson,2 anos,N/A,N/A,N/A,N/A,10,1,4,1,-7.5125,-34.8099,"Rua Antônio Tavares, Pitimbu, Região Geográfica Imediata de João Pessoa, Região Metropolitana de João Pessoa, Região Geográfica Intermediária de João Pessoa, Paraíba, Região Nordeste, Brasil"
https://www.airbnb.com.br/rooms/1529308891276907736?check_in=2026-03-10&check_out=2026-03-15,Casa de praia em praia azul Pitimbu PB,Emerson,N/A,N/A,N/A,N/A,N/A,10,3,4,4,-7.50712,-34.8112,"Pitimbu, Região Geográfica Imediata de João Pessoa, Região Metropolitana de João Pessoa, Região Geográfica Intermediária de João Pessoa, Paraíba, Região Nordeste, Brasil"
https://www.airbnb.com.br/rooms/52877371?check_in=2026-03-10&check_out=2026-03-15,Casa de praia agradável com piscina.,Anderson,4 anos,N/A,N/A,N/A,N/A,12,3,6,5,-7.4939,-34.8163,"Rua Alexandrino José Pereira, Pitimbu, Região Geográfica Imediata de João Pessoa, Região Metropolitana de João Pessoa, Região Geográfica Intermediária de João Pessoa, Paraíba, Região Nordeste, Brasil"
https://www.airbnb.com.br/rooms/523174743120928075?check_in=2026-03-10&check_out=2026-03-15,Casa a 20 mts do mar com bela varanda,Karina,4 anos,N/A,N/A,N/A,N/A,10,4,0,3,-7.52206,-34.81826,"Pitimbu, Região Geográfica Imediata de João Pessoa, Região Metropolitana de João Pessoa, Região Geográfica Intermediária de João Pessoa, Paraíba, Região Nordeste, Brasil"
https://www.airbnb.com.br/rooms/825449676691784915?check_in=2026-03-10&check_out=2026-03-15,Casa Marisco,Fred,8 anos,N/A,N/A,N/A,N/A,8,3,6,3,-7.4996,-34.8139,"Rua Antônio Tavares, Pitimbu, Região Geográfica Imediata de João Pessoa, Região Metropolitana de João Pessoa, Região Geográfica Intermediária de João Pessoa, Paraíba, Região Nordeste, Brasil"
https://www.airbnb.com.br/rooms/40657953?check_in=2026-03-10&check_out=2026-03-15,"Descanse no paraíso, C. Caravelas Praia Bela Conde",Ricardo Eric,6 anos,N/A,N/A,N/A,N/A,6,2,2,3,-7.39756,-34.80543,"Acesso Praia Bela, Pitimbu, Região Geográfica Imediata de João Pessoa, Região Metropolitana de João Pessoa, Região Geográfica Intermediária de João Pessoa, Paraíba, Região Nordeste, Brasil"
https://www.airbnb.com.br/rooms/1292226693329199039?check_in=2026-03-10&check_out=2026-03-15,Casa com piscina - Praia Azul PB,Roberto,1 anos,N/A,N/A,N/A,N/A,13,4,10,4,-7.5202,-34.818,"Pitimbu, Região Geográfica Imediata de João Pessoa, Região Metropolitana de João Pessoa, Região Geográfica Intermediária de João Pessoa, Paraíba, Região Nordeste, Brasil"
https://www.airbnb.com.br/rooms/1221301049658666474?check_in=2026-03-10&check_out=2026-03-15,Triplex Completo em Pitimbu - PB,Diego,1 anos,N/A,N/A,N/A,N/A,5,2,3,3,-7.39741,-34.80782,"Acesso Praia Bela, Pitimbu, Região Geográfica Imediata de João Pessoa, Região Metropolitana de João Pessoa, Região Geográfica Intermediária de João Pessoa, Paraíba, Região Nordeste, Brasil"
https://www.airbnb.com.br/rooms/1271995804023770341?check_in=2026-03-10&check_out=2026-03-15,Alugo casa na praia Pitimbu,Josiane JSilva,1 anos,N/A,N/A,N/A,N/A,12,3,6,3,-7.4725,-34.8124,"Pitimbu, Região Geográfica Imediata de João Pessoa, Região Metropolitana de João Pessoa, Região Geográfica Intermediária de João Pessoa, Paraíba, Região Nordeste, Brasil"
https://www.airbnb.com.br/rooms/1200573947146284113?check_in=2026-03-10&check_out=2026-03-15,Sonho de anjo,Wilma,2 anos,N/A,N/A,N/A,N/A,15,3,3,3,-7.4742,-34.8088,"Rua João Gonçalves, Pitimbu, Região Geográfica Imediata de João Pessoa, Região Metropolitana de João Pessoa, Região Geográfica Intermediária de João Pessoa, Paraíba, Região Nordeste, Brasil"
https://www.airbnb.com.br/rooms/557102356149469489?check_in=2026-03-10&check_out=2026-03-15,Sobrado Praia Bela com piscina,Thais,4 anos,N/A,N/A,N/A,N/A,6,2,1,3,-7.3967,-34.80832,"Acesso Praia Bela, Pitimbu, Região Geográfica Imediata de João Pessoa, Região Metropolitana de João Pessoa, Região Geográfica Intermediária de João Pessoa, Paraíba, Região Nordeste, Brasil"
https://www.airbnb.com.br/rooms/1602150163654611822?check_in=2026-03-10&check_out=2026-03-15,Estúdios no Tekoha Vilas - 6 quartos,Jeferson,1 anos,N/A,N/A,N/A,N/A,16,6,12,6,-7.49226,-34.8145,N/A
https://www.airbnb.com.br/rooms/706659993728352250?check_in=2026-03-10&check_out=2026-03-15,Casa agradável e aconchegante em Pitimbu!,Raimundo Anderson,3 anos,N/A,N/A,N/A,N/A,13,4,4,2,-7.52327,-34.81796,N/A
https://www.airbnb.com.br/rooms/999411265217908132?check_in=2026-03-10&check_out=2026-03-15,Chácara Joana Coelho,Fernanda Veloso,2 anos,N/A,N/A,N/A,N/A,8,1,3,1,-7.54375,-34.82399,N/A
https://www.airbnb.com.br/rooms/1275982510314590971?check_in=2026-03-10&check_out=2026-03-15,Linda Casa em Pitimbu/Praia Azul,Carlos,1 anos,N/A,N/A,N/A,N/A,16,6,12,5,-7.5122,-34.8102,N/A
https://www.airbnb.com.br/rooms/1020090679025548380?check_in=2026-03-10&check_out=2026-03-15,Casa com piscina e muito espaço.,Mario Jorge,3 anos,N/A,N/A,N/A,N/A,10,3,4,2,-7.52251,-34.83056,N/A
https://www.airbnb.com.br/rooms/1601368076524978950?check_in=2026-03-10&check_out=2026-03-15,Studio beira-mar (térreo) no Tekoha Vilas,Jeferson,1 anos,N/A,N/A,N/A,N/A,3,1,2,1,-7.49398,-34.81388,N/A
https://www.airbnb.com.br/rooms/49174894?check_in=2026-03-10&check_out=2026-03-15,Linda Casa beira mar praia azul,Felipe,N/A,N/A,N/A,N/A,N/A,16,7,12,9,-7.50285,-34.81105,N/A
https://www.airbnb.com.br/rooms/1348610684191655871?check_in=2026-03-10&check_out=2026-03-15,Casa à Beira Mar com Piscina - Praia dos Mariscos,Flávio,1 anos,N/A,N/A,N/A,N/A,12,4,12,4,-7.4808,-34.8121,N/A
https://www.airbnb.com.br/rooms/684684054447241218?check_in=2026-03-10&check_out=2026-03-15,Casa com WiFi e estacionamento em Pitimbu.,Gabrielle,3 anos,N/A,N/A,N/A,N/A,4,2,3,2,-7.39951,-34.8401,N/A
https://www.airbnb.com.br/rooms/612831234800097685?check_in=2026-03-10&check_out=2026-03-15,Casa de Praia 07 Quartos,Reginaldo,4 anos,N/A,N/A,N/A,N/A,16,7,13,5,-7.481,-34.8137,N/A
https://www.airbnb.com.br/rooms/1078198233538506361?check_in=2026-03-10&check_out=2026-03-15,"Descanso, espaço e água",Edneuza,2 anos,N/A,N/A,N/A,N/A,2,1,1,1,-7.38822,-34.82634,N/A
https://www.airbnb.com.br/rooms/980658616498137189?check_in=2026-03-10&check_out=2026-03-15,Chácara Joana Coelho,Fernanda Veloso,2 anos,N/A,N/A,N/A,N/A,8,2,3,1,-7.52849,-34.82058,N/A
https://www.airbnb.com.br/rooms/1385400861386632668?check_in=2026-03-10&check_out=2026-03-15,Casa de praia para aluguel,Rayssa,3 anos,N/A,N/A,N/A,N/A,12,5,8,4,-7.49417,-34.81632,N/A
https://www.airbnb.com.br/rooms/1221940349406809888?check_in=2026-03-10&check_out=2026-03-15,À beira-mar em cond. fechado Casa Caju Praia Azul,Francisco Penante,1 anos,N/A,N/A,N/A,N/A,12,4,8,5,-7.5068,-34.8105,N/A
https://www.airbnb.com.br/rooms/1559136103840782590?check_in=2026-03-10&check_out=2026-03-15,"Apto. Aconchegante em Acaú-PB, perto da praia",Brenda,N/A,N/A,N/A,N/A,N/A,4,2,3,1,-7.4457,-34.83468,N/A
https://www.airbnb.com.br/rooms/47998205?check_in=2026-03-10&check_out=2026-03-15,CASA EM PRAIA BELA (PB),Fabia,5 anos,N/A,N/A,N/A,N/A,15,3,8,3,-7.39616,-34.80626,N/A
https://www.airbnb.com.br/rooms/566429515308439484?check_in=2026-03-10&check_out=2026-03-15,"Casa na Beira Mar de Praia Azul, Pé na Areia",José Carlos,4 anos,N/A,N/A,N/A,N/A,16,9,17,9,-7.47623,-34.80866,N/A
https://www.airbnb.com.br/rooms/53921113?check_in=2026-03-10&check_out=2026-03-15,Casa Pitimbu-PB 6 quartos c/ ar 4 suítes Piscina,Leonardo,4 anos,N/A,N/A,N/A,N/A,16,6,4,6,-7.49794,-34.81686,N/A
https://www.airbnb.com.br/rooms/1540647891729158486?check_in=2026-03-10&check_out=2026-03-15,"Casa de praia, pé na área em praia azul",Ana Clara,N/A,N/A,N/A,N/A,N/A,15,4,5,5,-7.5147,-34.8117,N/A
https://www.airbnb.com.br/rooms/577687800286188810?check_in=2026-03-10&check_out=2026-03-15,Excelente Casa beira mar praia azul,Felipe,5 anos,N/A,N/A,N/A,N/A,16,6,15,5,-7.5194,-34.8153,N/A
https://www.airbnb.com.br/rooms/1328914502195829178?check_in=2026-03-10&check_out=2026-03-15,casa em Pitimbu rua principal,Rui,1 anos,N/A,N/A,N/A,N/A,9,3,5,3,-7.4786,-34.8122,N/A
https://www.airbnb.com.br/rooms/1310854058626914002?check_in=2026-03-10&check_out=2026-03-15,Casa pé na areia em Praia Azul,José,10 anos,N/A,N/A,N/A,N/A,14,6,10,6,-7.50838,-34.8115,N/A
https://www.airbnb.com.br/rooms/1272525536317654153?check_in=2026-03-10&check_out=2026-03-15,Curta momentos aconchegantes,Geraldo,1 anos,N/A,N/A,N/A,N/A,6,2,5,3,-7.4806,-34.8142,"Rua Panoramica, Pitimbu, Região Geográfica Imediata de João Pessoa, Região Metropolitana de João Pessoa, Região Geográfica Intermediária de João Pessoa, Paraíba, Região Nordeste, Brasil"
https://www.airbnb.com.br/rooms/1546962879864231371?check_in=2026-03-10&check_out=2026-03-15,Casa em paraíso morada das falésias fantástica,Sylvio,N/A,N/A,N/A,N/A,N/A,16,4,6,5,-7.47577,-34.80962,"Rua do Jangadeiro, Pitimbu, Região Geográfica Imediata de João Pessoa, Região Metropolitana de João Pessoa, Região Geográfica Intermediária de João Pessoa, Paraíba, Região Nordeste, Brasil"
https://www.airbnb.com.br/rooms/1339766028158316035?check_in=2026-03-10&check_out=2026-03-15,Paraíso a beira-mar de Pitimbu,Camila,10 anos,N/A,N/A,N/A,N/A,16,7,11,6,-7.48066,-34.81059,"Avenida Beira Mar, Pitimbu, Região Geográfica Imediata de João Pessoa, Região Metropolitana de João Pessoa, Região Geográfica Intermediária de João Pessoa, Paraíba, Região Nordeste, Brasil"
https://www.airbnb.com.br/rooms/1567697952081551122?check_in=2026-03-10&check_out=2026-03-15,Casa Praia Azul,Deborah,N/A,N/A,N/A,N/A,N/A,10,2,2,2,-7.5024,-34.813,"Rua Antônio Tavares, Pitimbu, Região Geográfica Imediata de João Pessoa, Região Metropolitana de João Pessoa, Região Geográfica Intermediária de João Pessoa, Paraíba, Região Nordeste, Brasil"
https://www.airbnb.com.br/rooms/1365157898188609151?check_in=2026-03-10&check_out=2026-03-15,Casa de Praia Aconchego Pitimbu,Mauro,8 anos,N/A,N/A,N/A,N/A,10,3,7,2,-7.5023,-34.8134,"Rua das Acácias, Pitimbu, Região Geográfica Imediata de João Pessoa, Região Metropolitana de João Pessoa, Região Geográfica Intermediária de João Pessoa, Paraíba, Região Nordeste, Brasil"
https://www.airbnb.com.br/rooms/1067634667759848618?check_in=2026-03-10&check_out=2026-03-15,flat praia bela - residencial atlântico,Dyogo,2 anos,N/A,N/A,N/A,N/A,8,2,8,3,-7.39304,-34.80483,"Pitimbu, Região Geográfica Imediata de João Pessoa, Região Metropolitana de João Pessoa, Região Geográfica Intermediária de João Pessoa, Paraíba, Região Nordeste, Brasil"
https://www.airbnb.com.br/rooms/1363413348213029054?check_in=2026-03-10&check_out=2026-03-15,Flat Brisa do Mar,Patricia,N/A,N/A,N/A,N/A,N/A,4,2,2,1,-7.39887,-34.80438,"Bar na Areia, Acesso Praia Bela, Pitimbu, Região Geográfica Imediata de João Pessoa, Região Metropolitana de João Pessoa, Região Geográfica Intermediária de João Pessoa, Paraíba, Região Nordeste, Brasil"
https://www.airbnb.com.br/rooms/1075291460468051482?check_in=2026-03-10&check_out=2026-03-15,Kitinet com vista para o mar.,Antonio,2 anos,N/A,N/A,N/A,N/A,2,1,1,1,-7.4743,-34.811,"Rua Belo Horizonte, Pitimbu, Região Geográfica Imediata de João Pessoa, Região Metropolitana de João Pessoa, Região Geográfica Intermediária de João Pessoa, Paraíba, Região Nordeste, Brasil"
https://www.airbnb.com.br/rooms/45518715?check_in=2026-03-10&check_out=2026-03-15,Casa em Praia Bela com vista para o mar,Juliana,5 anos,N/A,N/A,N/A,N/A,8,3,6,3,-7.40394,-34.80918,"Pitimbu, Região Geográfica Imediata de João Pessoa, Região Metropolitana de João Pessoa, Região Geográfica Intermediária de João Pessoa, Paraíba, Região Nordeste, Brasil"
https://www.airbnb.com.br/rooms/1529066348415805550?check_in=2026-03-10&check_out=2026-03-15,Casarão beira mar em Praia Azul/Pitimbú PB,Roberta,3 anos,N/A,N/A,N/A,N/A,16,5,9,4,-7.5058,-34.8113,"Rua Antônio Tavares, Pitimbu, Região Geográfica Imediata de João Pessoa, Região Metropolitana de João Pessoa, Região Geográfica Intermediária de João Pessoa, Paraíba, Região Nordeste, Brasil"
https://www.airbnb.com.br/rooms/815758133526110855?check_in=2026-03-10&check_out=2026-03-15,Casa em Praia Azul / Pitimbu-PB,Maria Jose,3 anos,N/A,N/A,N/A,N/A,16,6,13,5,-7.5133,-34.8128,"Pitimbu, Região Geográfica Imediata de João Pessoa, Região Metropolitana de João Pessoa, Região Geográfica Intermediária de João Pessoa, Paraíba, Região Nordeste, Brasil"
https://www.airbnb.com.br/rooms/1335709008689140171?check_in=2026-03-10&check_out=2026-03-15,Casa aconchegante em praia azul,Rosilene,1 anos,N/A,N/A,N/A,N/A,14,5,9,3,-7.4933,-34.8159,"Pitimbu, Região Geográfica Imediata de João Pessoa, Região Metropolitana de João Pessoa, Região Geográfica Intermediária de João Pessoa, Paraíba, Região Nordeste, Brasil"
https://www.airbnb.com.br/rooms/1395854710384506912?check_in=2026-03-10&check_out=2026-03-15,Pousada e restaurante FLAT 02,Sonia,2 anos,N/A,N/A,N/A,N/A,4,2,3,1,-7.39629,-34.80787,"Rua dos Arrecifes, Pitimbu, Região Geográfica Imediata de João Pessoa, Região Metropolitana de João Pessoa, Região Geográfica Intermediária de João Pessoa, Paraíba, Região Nordeste, Brasil"
https://www.airbnb.com.br/rooms/1129723020509164329?check_in=2026-03-10&check_out=2026-03-15,Pousada e restaurante FLAT 01,Sonia,2 anos,N/A,N/A,N/A,N/A,4,2,3,1,-7.39701,-34.80374,"Pitimbu, Região Geográfica Imediata de João Pessoa, Região Metropolitana de João Pessoa, Região Geográfica Intermediária de João Pessoa, Paraíba, Região Nordeste, Brasil"
https://www.airbnb.com.br/rooms/1572690319551056332?check_in=2026-03-10&check_out=2026-03-15,casa de praia temporada / praia azul,Anderson Lira,1 anos,N/A,N/A,N/A,N/A,15,4,4,3,-7.49587,-34.81539,"Rua da Harmonia, Pitimbu, Região Geográfica Imediata de João Pessoa, Região Metropolitana de João Pessoa, Região Geográfica Intermediária de João Pessoa, Paraíba, Região Nordeste, Brasil"
https://www.airbnb.com.br/rooms/50564824?check_in=2026-03-10&check_out=2026-03-15,"Casa duplex, 2 quartos com suíte e piscina.",Ana Luiza,5 anos,N/A,N/A,N/A,N/A,8,2,3,3,-7.46259,-34.81111,"Estrada para Barra do Abiaí, Pitimbu, Região Geográfica Imediata de João Pessoa, Região Metropolitana de João Pessoa, Região Geográfica Intermediária de João Pessoa, Paraíba, Região Nordeste, Brasil"
https://www.airbnb.com.br/rooms/797121685715650007?check_in=2026-03-10&check_out=2026-03-15,"Casa em Praia Azul , Pitimbu-PB",Thyago Passos,3 anos,N/A,N/A,N/A,N/A,15,6,8,4,-7.50188,-34.81598,"Rua Professor Darlan Moutinho, Pitimbu, Região Geográfica Imediata de João Pessoa, Região Metropolitana de João Pessoa, Região Geográfica Intermediária de João Pessoa, Paraíba, Região Nordeste, Brasil"
https://www.airbnb.com.br/rooms/1466827002164707036?check_in=2026-03-10&check_out=2026-03-15,Casa com piscina a 100m da Praia,Helena Pontes,N/A,N/A,N/A,N/A,N/A,10,4,4,6,-7.52327,-34.81777,"Rua Almirante Tamandaré, Pitimbu, Região Geográfica Imediata de João Pessoa, Região Metropolitana de João Pessoa, Região Geográfica Intermediária de João Pessoa, Paraíba, Região Nordeste, Brasil"
https://www.airbnb.com.br/rooms/1032746996749794474?check_in=2026-03-10&check_out=2026-03-15,Casarão aconchegante e espaçoso - Casita Trigueiro,Claudia Oliveira,2 anos,N/A,N/A,N/A,N/A,16,6,12,4,-7.5024,-34.8154,"Rua das Acácias, Pitimbu, Região Geográfica Imediata de João Pessoa, Região Metropolitana de João Pessoa, Região Geográfica Intermediária de João Pessoa, Paraíba, Região Nordeste, Brasil"
https://www.airbnb.com.br/rooms/1587596627025668714?check_in=2026-03-10&check_out=2026-03-15,Uma grande suite vista mar piscina . fala frances!,Lili,N/A,N/A,N/A,N/A,N/A,2,1,1,1,-7.3952,-34.8068,"Rua das Caravelas, Pitimbu, Região Geográfica Imediata de João Pessoa, Região Metropolitana de João Pessoa, Região Geográfica Intermediária de João Pessoa, Paraíba, Região Nordeste, Brasil"
https://www.airbnb.com.br/rooms/1599413684760341334?check_in=2026-03-10&check_out=2026-03-15,Casa de Praia Refúgio SK,Karina Araujo,N/A,N/A,N/A,N/A,N/A,10,4,7,4,-7.4993,-34.8155,"Rua Pernambuco, Pitimbu, Região Geográfica Imediata de João Pessoa, Região Metropolitana de João Pessoa, Região Geográfica Intermediária de João Pessoa, Paraíba, Região Nordeste, Brasil"
https://www.airbnb.com.br/rooms/1332456724184498119?check_in=2026-03-10&check_out=2026-03-15,Casa à beira-mar em Pitimbu,Rebeca,1 anos,N/A,N/A,N/A,N/A,12,5,9,7,-7.48,-34.81172,"Avenida Beira Mar, Pitimbu, Região Geográfica Imediata de João Pessoa, Região Metropolitana de João Pessoa, Região Geográfica Intermediária de João Pessoa, Paraíba, Região Nordeste, Brasil"
https://www.airbnb.com.br/rooms/1033422101236166705?check_in=2026-03-10&check_out=2026-03-15,"Casa de Praia - Pitimbú, Praia Azul - PB",Jùlio,2 anos,N/A,N/A,N/A,N/A,16,6,11,4,-7.5159,-34.8145,"Pitimbu, Região Geográfica Imediata de João Pessoa, Região Metropolitana de João Pessoa, Região Geográfica Intermediária de João Pessoa, Paraíba, Região Nordeste, Brasil"
https://www.airbnb.com.br/rooms/52054344?check_in=2026-03-10&check_out=2026-03-15,Privê beira mar na praia de Pitimbu com piscina,Lilli Rocha,4 anos,N/A,N/A,N/A,N/A,6,2,4,2,-7.47789,-34.8108,"Pitimbu, Região Geográfica Imediata de João Pessoa, Região Metropolitana de João Pessoa, Região Geográfica Intermediária de João Pessoa, Paraíba, Região Nordeste, Brasil"
https://www.airbnb.com.br/rooms/1026218253634582732?check_in=2026-03-10&check_out=2026-03-15,Chácara Joana Coelho,Fernanda Veloso,2 anos,N/A,N/A,N/A,N/A,10,2,3,1,-7.54375,-34.824,"Rua Projetada Oitenta e Cinco, Pitimbu, Região Geográfica Imediata de João Pessoa, Região Metropolitana de João Pessoa, Região Geográfica Intermediária de João Pessoa, Paraíba, Região Nordeste, Brasil"
https://www.airbnb.com.br/rooms/1528973615526489368?check_in=2026-03-10&check_out=2026-03-15,"À beira-mar, com piscina Casa Cajá Praia Mariscos",Francisco Penante,1 anos,N/A,N/A,N/A,N/A,12,4,8,3,-7.4852,-34.8137,"Avenida Beira Mar, Pitimbu, Região Geográfica Imediata de João Pessoa, Região Metropolitana de João Pessoa, Região Geográfica Intermediária de João Pessoa, Paraíba, Região Nordeste, Brasil"
https://www.airbnb.com.br/rooms/1244320428264850515?check_in=2026-03-10&check_out=2026-03-15,"Casa de praia, Praia Bela",Salete,1 anos,N/A,N/A,N/A,N/A,7,2,2,0,-7.39578,-34.80888,"Rua dos Arrecifes, Pitimbu, Região Geográfica Imediata de João Pessoa, Região Metropolitana de João Pessoa, Região Geográfica Intermediária de João Pessoa, Paraíba, Região Nordeste, Brasil"
https://www.airbnb.com.br/rooms/1468169166959962599?check_in=2026-03-10&check_out=2026-03-15,Apto Aconchegante em Acaú-PB,Brenda,N/A,N/A,N/A,N/A,N/A,4,2,3,1,-7.4467,-34.8354,"Rodovia Ministro Abelardo Jurema Araújo, Pitimbu, Região Geográfica Imediata de João Pessoa, Região Metropolitana de João Pessoa, Região Geográfica Intermediária de João Pessoa, Paraíba, Região Nordeste, Brasil"
https://www.airbnb.com.br/rooms/31314069?check_in=2026-03-10&check_out=2026-03-15,Casa Nova na Beira Mar de Praia Azul - 5 suítes,Emilia,N/A,N/A,N/A,N/A,N/A,14,5,11,5,-7.48423,-34.81457,"Rua Antônio Tavares, Pitimbu, Região Geográfica Imediata de João Pessoa, Região Metropolitana de João Pessoa, Região Geográfica Intermediária de João Pessoa, Paraíba, Região Nordeste, Brasil"
https://www.airbnb.com.br/rooms/1597746056216428338?check_in=2026-03-10&check_out=2026-03-15,"Casa Mobiliada para Temporada, Pitimbu-PB",Luiz,N/A,N/A,N/A,N/A,N/A,10,2,5,1,-7.50926,-34.81288,"Pitimbu, Região Geográfica Imediata de João Pessoa, Região Metropolitana de João Pessoa, Região Geográfica Intermediária de João Pessoa, Paraíba, Região Nordeste, Brasil"
https://www.airbnb.com.br/rooms/1484072625804842558?check_in=2026-03-10&check_out=2026-03-15,Casa 300mts do mar Pitimbu-PB,Raphael,N/A,N/A,N/A,N/A,N/A,8,2,3,1,-7.49016,-34.81739,"Pitimbu, Região Geográfica Imediata de João Pessoa, Região Metropolitana de João Pessoa, Região Geográfica Intermediária de João Pessoa, Paraíba, Região Nordeste, Brasil"
https://www.airbnb.com.br/rooms/547112749672168417?check_in=2026-03-10&check_out=2026-03-15,BELA CASA ONDE O CONFORTO E O ACONCHEGO ENCANTAM,Sergio,4 anos,N/A,N/A,N/A,N/A,12,4,8,5,-7.5142,-34.81079,"Rua Antônio Tavares, Pitimbu, Região Geográfica Imediata de João Pessoa, Região Metropolitana de João Pessoa, Região Geográfica Intermediária de João Pessoa, Paraíba, Região Nordeste, Brasil"
https://www.airbnb.com.br/rooms/1272804959513885089?check_in=2026-03-10&check_out=2026-03-15,Casa de praia Pitimbu - Paraiba,Leone,2 anos,N/A,N/A,N/A,N/A,16,5,9,5,-7.49964,-34.81406,"Rua Antônio Tavares, Pitimbu, Região Geográfica Imediata de João Pessoa, Região Metropolitana de João Pessoa, Região Geográfica Intermediária de João Pessoa, Paraíba, Região Nordeste, Brasil"
https://www.airbnb.com.br/rooms/1604358771654231934?check_in=2026-03-10&check_out=2026-03-15,Casa 210 completa em Praia Bela - Pitimbu PB,Elaine,N/A,N/A,N/A,N/A,N/A,7,2,6,3,-7.47568,-34.81001,"Rua do Jangadeiro, Pitimbu, Região Geográfica Imediata de João Pessoa, Região Metropolitana de João Pessoa, Região Geográfica Intermediária de João Pessoa, Paraíba, Região Nordeste, Brasil"
https://www.airbnb.com.br/rooms/1599277277251606394?check_in=2026-03-10&check_out=2026-03-15,Estúdio beira-mar superior (Tekoha Vilas),Jeferson,1 anos,N/A,N/A,N/A,N/A,3,1,2,1,-7.49237,-34.81346,"Pitimbu, Região Geográfica Imediata de João Pessoa, Região Metropolitana de João Pessoa, Região Geográfica Intermediária de João Pessoa, Paraíba, Região Nordeste, Brasil"
https://www.airbnb.com.br/rooms/1370529520986742932?check_in=2026-03-10&check_out=2026-03-15,Venha relaxar,Antonio Carlos,N/A,N/A,N/A,N/A,N/A,6,2,5,2,-7.48097,-34.81038,"Avenida Beira Mar, Pitimbu, Região Geográfica Imediata de João Pessoa, Região Metropolitana de João Pessoa, Região Geográfica Intermediária de João Pessoa, Paraíba, Região Nordeste, Brasil"
https://www.airbnb.com.br/rooms/1604393431625832582?check_in=2026-03-10&check_out=2026-03-15,Casa 270 completa em Praia Bela - Pitimbu PB,Elaine,N/A,N/A,N/A,N/A,N/A,7,2,6,3,-7.47563,-34.80957,"Rua do Jangadeiro, Pitimbu, Região Geográfica Imediata de João Pessoa, Região Metropolitana de João Pessoa, Região Geográfica Intermediária de João Pessoa, Paraíba, Região Nordeste, Brasil"
https://www.airbnb.com.br/rooms/1208054935029542051?check_in=2026-03-10&check_out=2026-03-15,Praia dos Mariscos - Aluguel por temporada,Bruna,1 anos,N/A,N/A,N/A,N/A,10,3,5,3,-7.4966,-34.8144,"Rua Antônio Tavares, Pitimbu, Região Geográfica Imediata de João Pessoa, Região Metropolitana de João Pessoa, Região Geográfica Intermediária de João Pessoa, Paraíba, Região Nordeste, Brasil"
https://www.airbnb.com.br/rooms/804884112461812248?check_in=2026-03-10&check_out=2026-03-15,"Casa de praia, pé na areia! Pitimbu-pb Praia azul",Leo,3 anos,N/A,N/A,N/A,N/A,14,4,2,3,-7.482,-34.812,"Avenida Beira Mar, Pitimbu, Região Geográfica Imediata de João Pessoa, Região Metropolitana de João Pessoa, Região Geográfica Intermediária de João Pessoa, Paraíba, Região Nordeste, Brasil"
https://www.airbnb.com.br/rooms/1241536871037254621?check_in=2026-03-10&check_out=2026-03-15,Charmosa casa de praia,Patricia,1 anos,N/A,N/A,N/A,N/A,15,5,6,4,-7.47062,-34.80621,"Rua Aluízio Cabral, Pitimbu, Região Geográfica Imediata de João Pessoa, Região Metropolitana de João Pessoa, Região Geográfica Intermediária de João Pessoa, Paraíba, Região Nordeste, Brasil"
https://www.airbnb.com.br/rooms/53488995?check_in=2026-03-10&check_out=2026-03-15,"casarão a beira mar-6 quartos, jacuzzi ,2500privad",Bruno,4 anos,N/A,N/A,N/A,N/A,16,5,10,3,-7.52053,-34.81627,"Rua Projetada 87, Pitimbu, Região Geográfica Imediata de João Pessoa, Região Metropolitana de João Pessoa, Região Geográfica Intermediária de João Pessoa, Paraíba, Região Nordeste, Brasil"
https://www.airbnb.com.br/rooms/1594407143257254734?check_in=2026-03-10&check_out=2026-03-15,Casa simples com cheiro de natureza,Juliana,N/A,N/A,N/A,N/A,N/A,4,2,2,1,-7.47425,-34.81131,"Rua Bela Vista, Pitimbu, Região Geográfica Imediata de João Pessoa, Região Metropolitana de João Pessoa, Região Geográfica Intermediária de João Pessoa, Paraíba, Região Nordeste, Brasil"
